0,0.80,,,,,,,,,,,,
0.008,0.73,,,,,,,,,,,,
0.016,0.37,,,,,,,,,,,,
0.024,0.10,,,,,,,,,,,,
0.032,0.00,,,,,,,,,,,,
0.04,0.05,,,,,,,,,,,,
0.048,0.16,,,,,,,,,,,,
0.056,0.26,,,,,,,,,,,,
0.064,0.31,,,,,,,,,,,,
0.072,0.31,,,,,,,,,,,,
0.08,0.31,,,,,,,,,,,,
0.088,0.32,,,,,,,,,,,,
0.096,0.31,,,,,,,,,,,,
0.104,0.29,,,,,,,,,,,,
0.112,0.30,,,,,,,,,,,,
0.12,0.30,,,,,,,,,,,,
0.128,0.31,,,,,,,,,,,,
0.136,0.33,,,,,,,,,,,,
0.144,0.33,,,,,,,,,,,,
0.152,0.34,,,,,,,,,,,,
0.16,0.35,,,,,,,,,,,,
0.168,0.33,,,,,,,,,,,,
0.176,0.35,,,,,,,,,,,,
0.184,0.33,,,,,,,,,,,,
0.192,0.34,,,,,,,,,,,,
0.2,0.33,,,,,,,,,,,,
0.208,0.35,,,,,,,,,,,,
0.216,0.36,,,,,,,,,,,,
0.224,0.31,,,,,,,,,,,,
0.232,0.31,,,,,,,,,,,,
0.24,0.34,,,,,,,,,,,,
0.248,0.34,,,,,,,,,,,,
0.256,0.34,,,,,,,,,,,,
0.264,0.34,,,,,,,,,,,,
0.272,0.34,,,,,,,,,,,,
0.28,0.34,,,,,,,,,,,,
0.288,0.34,,,,,,,,,,,,
0.296,0.34,,,,,,,,,,,,
0.304,0.33,,,,,,,,,,,,
0.312,0.33,,,,,,,,,,,,
0.32,0.33,,,,,,,,,,,,
0.328,0.31,,,,,,,,,,,,
0.336,0.31,,,,,,,,,,,,
0.344,0.30,,,,,,,,,,,,
0.352,0.30,,,,,,,,,,,,
0.36,0.30,,,,,,,,,,,,
0.368,0.31,,,,,,,,,,,,
0.376,0.31,,,,,,,,,,,,
0.384,0.32,,,,,,,,,,,,
0.392,0.31,,,,,,,,,,,,
0.4,0.31,,,,,,,,,,,,
0.408,0.29,,,,,,,,,,,,
0.416,0.31,,,,,,,,,,,,
0.424,0.31,,,,,,,,,,,,
0.432,0.31,,,,,,,,,,,,
0.44,0.30,,,,,,,,,,,,
0.448,0.31,,,,,,,,,,,,
0.456,0.29,,,,,,,,,,,,
0.464,0.30,,,,,,,,,,,,
0.472,0.30,,,,,,,,,,,,
0.48,0.30,,,,,,,,,,,,
0.488,0.28,,,,,,,,,,,,
0.496,0.31,,,,,,,,,,,,
0.504,0.29,,,,,,,,,,,,
0.512,0.30,,,,,,,,,,,,
0.52,0.30,,,,,,,,,,,,
0.528,0.31,,,,,,,,,,,,
0.536,0.32,,,,,,,,,,,,
0.544,0.36,,,,,,,,,,,,
0.552,0.25,,,,,,,,,,,,
0.56,0.28,,,,,,,,,,,,
0.568,0.28,,,,,,,,,,,,
0.576,0.28,,,,,,,,,,,,
0.584,0.27,,,,,,,,,,,,
0.592,0.30,,,,,,,,,,,,
0.6,0.30,,,,,,,,,,,,
0.608,0.30,,,,,,,,,,,,
0.616,0.29,,,,,,,,,,,,
0.624,0.31,,,,,,,,,,,,
0.632,0.30,,,,,,,,,,,,
0.64,0.31,,,,,,,,,,,,
0.648,0.30,,,,,,,,,,,,
0.656,0.29,,,,,,,,,,,,
0.664,0.30,,,,,,,,,,,,
0.672,0.31,,,,,,,,,,,,
0.68,0.30,,,,,,,,,,,,
0.688,0.30,,,,,,,,,,,,
0.696,0.28,,,,,,,,,,,,
0.704,0.30,,,,,,,,,,,,
0.712,0.29,,,,,,,,,,,,
0.72,0.30,,,,,,,,,,,,
0.728,0.30,,,,,,,,,,,,
0.736,0.30,,,,,,,,,,,,
0.744,0.30,,,,,,,,,,,,
0.752,0.30,,,,,,,,,,,,
0.76,0.30,,,,,,,,,,,,
0.768,0.30,,,,,,,,,,,,
0.776,0.30,,,,,,,,,,,,
0.784,0.32,,,,,,,,,,,,
0.792,0.30,,,,,,,,,,,,
0.8,0.30,,,,,,,,,,,,
0.808,0.30,,,,,,,,,,,,
0.816,0.30,,,,,,,,,,,,
0.824,0.30,,,,,,,,,,,,
0.832,0.28,,,,,,,,,,,,
0.84,0.29,,,,,,,,,,,,
0.848,0.31,,,,,,,,,,,,
0.856,0.31,,,,,,,,,,,,
0.864,0.29,,,,,,,,,,,,
0.872,0.31,,,,,,,,,,,,
0.88,0.32,,,,,,,,,,,,
0.888,0.31,,,,,,,,,,,,
0.896,0.32,,,,,,,,,,,,
0.904,0.30,,,,,,,,,,,,
0.912,0.32,,,,,,,,,,,,
0.92,0.30,,,,,,,,,,,,
0.928,0.32,,,,,,,,,,,,
0.936,0.30,,,,,,,,,,,,
0.944,0.33,,,,,,,,,,,,
0.952,0.32,,,,,,,,,,,,
0.96,0.32,,,,,,,,,,,,
0.968,0.34,,,,,,,,,,,,
0.976,0.36,,,,,,,,,,,,
0.984,0.38,,,,,,,,,,,,
0.992,0.36,,,,,,,,,,,,
1,0.32,,,,,,,,,,,,
1.008,0.33,,,,,,,,,,,,
1.016,0.32,,,,,,,,,,,,
1.024,0.33,,,,,,,,,,,,
1.032,0.31,,,,,,,,,,,,
1.04,0.33,,,,,,,,,,,,
1.048,0.32,,,,,,,,,,,,
1.056,0.34,,,,,,,,,,,,
1.064,0.31,,,,,,,,,,,,
1.072,0.31,,,,,,,,,,,,
1.08,0.30,,,,,,,,,,,,
1.088,0.32,,,,,,,,,,,,
1.096,0.31,,,,,,,,,,,,
1.104,0.32,,,,,,,,,,,,
1.112,0.32,,,,,,,,,,,,
1.12,0.32,,,,,,,,,,,,
1.128,0.30,,,,,,,,,,,,
1.136,0.37,,,,,,,,,,,,
1.144,0.48,,,,,,,,,,,,
1.152,0.63,,,,,,,,,,,,
1.16,0.77,,,,,,,,,,,,
1.168,0.93,,,,,,,,,,,,
1.176,1.00,,,,,,,,,,,,
1.184,0.84,,,,,,,,,,,,
1.192,0.33,,,,,,,,,,,,
1.2,0.04,,,,,,,,,,,,
1.208,0.05,,,,,,,,,,,,
1.216,0.13,,,,,,,,,,,,
1.224,0.16,,,,,,,,,,,,
1.232,0.21,,,,,,,,,,,,
1.24,0.20,,,,,,,,,,,,
1.248,0.21,,,,,,,,,,,,
1.256,0.23,,,,,,,,,,,,
1.264,0.26,,,,,,,,,,,,
1.272,0.25,,,,,,,,,,,,
1.28,1.00,,,,,,,,,,,,
1.288,0.98,,,,,,,,,,,,
1.296,0.95,,,,,,,,,,,,
1.304,0.93,,,,,,,,,,,,
1.312,0.94,,,,,,,,,,,,
1.32,0.90,,,,,,,,,,,,
1.328,0.78,,,,,,,,,,,,
1.336,0.58,,,,,,,,,,,,
1.344,0.33,,,,,,,,,,,,
1.352,0.28,,,,,,,,,,,,
1.36,0.28,,,,,,,,,,,,
1.368,0.25,,,,,,,,,,,,
1.376,0.23,,,,,,,,,,,,
1.384,0.23,,,,,,,,,,,,
1.392,0.21,,,,,,,,,,,,
1.4,0.21,,,,,,,,,,,,
1.408,0.20,,,,,,,,,,,,
1.416,0.19,,,,,,,,,,,,
1.424,0.18,,,,,,,,,,,,
1.432,0.17,,,,,,,,,,,,
1.44,0.17,,,,,,,,,,,,
1.448,0.15,,,,,,,,,,,,
1.456,0.14,,,,,,,,,,,,
1.464,0.13,,,,,,,,,,,,
1.472,0.13,,,,,,,,,,,,
1.48,0.12,,,,,,,,,,,,
1.488,0.11,,,,,,,,,,,,
1.496,0.11,,,,,,,,,,,,
1.504,0.11,,,,,,,,,,,,
1.512,0.10,,,,,,,,,,,,
1.52,0.07,,,,,,,,,,,,
1.528,0.06,,,,,,,,,,,,
1.536,0.05,,,,,,,,,,,,
1.544,0.02,,,,,,,,,,,,
1.552,0.00,,,,,,,,,,,,
1.56,0.01,,,,,,,,,,,,
1.568,0.03,,,,,,,,,,,,
1.576,0.06,,,,,,,,,,,,
1.584,0.09,,,,,,,,,,,,
1.592,0.14,,,,,,,,,,,,
1.6,0.18,,,,,,,,,,,,
1.608,0.21,,,,,,,,,,,,
1.616,0.24,,,,,,,,,,,,
1.624,0.26,,,,,,,,,,,,
1.632,0.27,,,,,,,,,,,,
1.64,0.26,,,,,,,,,,,,
1.648,0.26,,,,,,,,,,,,
1.656,0.27,,,,,,,,,,,,
1.664,0.27,,,,,,,,,,,,
1.672,0.27,,,,,,,,,,,,
1.68,0.27,,,,,,,,,,,,
1.688,0.27,,,,,,,,,,,,
1.696,0.28,,,,,,,,,,,,
1.704,0.28,,,,,,,,,,,,
1.712,0.28,,,,,,,,,,,,
1.72,0.28,,,,,,,,,,,,
1.728,0.29,,,,,,,,,,,,
1.736,0.29,,,,,,,,,,,,
1.744,0.29,,,,,,,,,,,,
1.752,0.29,,,,,,,,,,,,
1.76,0.29,,,,,,,,,,,,
1.768,0.29,,,,,,,,,,,,
1.776,0.29,,,,,,,,,,,,
1.784,0.29,,,,,,,,,,,,
1.792,0.30,,,,,,,,,,,,
1.8,0.30,,,,,,,,,,,,
1.808,0.29,,,,,,,,,,,,
1.816,0.29,,,,,,,,,,,,
1.824,0.30,,,,,,,,,,,,
1.832,0.29,,,,,,,,,,,,
1.84,0.29,,,,,,,,,,,,
1.848,0.30,,,,,,,,,,,,
1.856,0.30,,,,,,,,,,,,
1.864,0.30,,,,,,,,,,,,
1.872,0.30,,,,,,,,,,,,
1.88,0.30,,,,,,,,,,,,
1.888,0.31,,,,,,,,,,,,
1.896,0.30,,,,,,,,,,,,
1.904,0.30,,,,,,,,,,,,
1.912,0.31,,,,,,,,,,,,
1.92,0.31,,,,,,,,,,,,
1.928,0.31,,,,,,,,,,,,
1.936,0.30,,,,,,,,,,,,
1.944,0.31,,,,,,,,,,,,
1.952,0.31,,,,,,,,,,,,
1.96,0.31,,,,,,,,,,,,
1.968,0.31,,,,,,,,,,,,
1.976,0.31,,,,,,,,,,,,
1.984,0.31,,,,,,,,,,,,
1.992,0.31,,,,,,,,,,,,
2,0.30,,,,,,,,,,,,
2.008,0.31,,,,,,,,,,,,
2.016,0.31,,,,,,,,,,,,
2.024,0.31,,,,,,,,,,,,
2.032,0.31,,,,,,,,,,,,
2.04,0.32,,,,,,,,,,,,
2.048,0.32,,,,,,,,,,,,
2.056,0.32,,,,,,,,,,,,
2.064,0.31,,,,,,,,,,,,
2.072,0.31,,,,,,,,,,,,
2.08,0.32,,,,,,,,,,,,
2.088,0.32,,,,,,,,,,,,
2.096,0.31,,,,,,,,,,,,
2.104,0.31,,,,,,,,,,,,
2.112,0.32,,,,,,,,,,,,
2.12,0.31,,,,,,,,,,,,
2.128,0.31,,,,,,,,,,,,
2.136,0.31,,,,,,,,,,,,
2.144,0.32,,,,,,,,,,,,
2.152,0.32,,,,,,,,,,,,
2.16,0.31,,,,,,,,,,,,
2.168,0.31,,,,,,,,,,,,
2.176,0.32,,,,,,,,,,,,
2.184,0.32,,,,,,,,,,,,
2.192,0.31,,,,,,,,,,,,
2.2,0.32,,,,,,,,,,,,
2.208,0.32,,,,,,,,,,,,
2.216,0.32,,,,,,,,,,,,
2.224,0.31,,,,,,,,,,,,
2.232,0.32,,,,,,,,,,,,
2.24,0.32,,,,,,,,,,,,
2.248,0.32,,,,,,,,,,,,
2.256,0.32,,,,,,,,,,,,
2.264,0.32,,,,,,,,,,,,
2.272,0.32,,,,,,,,,,,,
2.28,0.32,,,,,,,,,,,,
2.288,0.31,,,,,,,,,,,,
2.296,0.32,,,,,,,,,,,,
2.304,0.32,,,,,,,,,,,,
2.312,0.32,,,,,,,,,,,,
2.32,0.32,,,,,,,,,,,,
2.328,0.32,,,,,,,,,,,,
2.336,0.32,,,,,,,,,,,,
2.344,0.32,,,,,,,,,,,,
2.352,0.32,,,,,,,,,,,,
2.36,0.32,,,,,,,,,,,,
2.368,0.33,,,,,,,,,,,,
2.376,0.32,,,,,,,,,,,,
2.384,0.32,,,,,,,,,,,,
2.392,0.32,,,,,,,,,,,,
2.4,0.32,,,,,,,,,,,,
2.408,0.32,,,,,,,,,,,,
2.416,0.32,,,,,,,,,,,,
2.424,0.33,,,,,,,,,,,,
2.432,0.34,,,,,,,,,,,,
2.44,0.36,,,,,,,,,,,,
2.448,0.36,,,,,,,,,,,,
2.456,0.38,,,,,,,,,,,,
2.464,0.41,,,,,,,,,,,,
2.472,0.40,,,,,,,,,,,,
2.48,0.40,,,,,,,,,,,,
2.488,0.40,,,,,,,,,,,,
2.496,0.37,,,,,,,,,,,,
2.504,0.33,,,,,,,,,,,,
2.512,0.32,,,,,,,,,,,,
2.52,0.32,,,,,,,,,,,,
2.528,0.32,,,,,,,,,,,,
2.536,0.31,,,,,,,,,,,,
2.544,0.32,,,,,,,,,,,,
2.552,0.32,,,,,,,,,,,,
2.56,0.32,,,,,,,,,,,,
2.568,0.30,,,,,,,,,,,,
2.576,0.35,,,,,,,,,,,,
2.584,0.53,,,,,,,,,,,,
2.592,0.77,,,,,,,,,,,,
2.6,0.83,,,,,,,,,,,,
2.608,0.64,,,,,,,,,,,,
2.616,0.32,,,,,,,,,,,,
2.624,0.32,,,,,,,,,,,,
2.632,0.38,,,,,,,,,,,,
2.64,0.34,,,,,,,,,,,,
2.648,0.32,,,,,,,,,,,,
2.656,0.33,,,,,,,,,,,,
2.664,0.32,,,,,,,,,,,,
2.672,0.31,,,,,,,,,,,,
2.68,0.32,,,,,,,,,,,,
2.688,0.32,,,,,,,,,,,,
2.696,0.31,,,,,,,,,,,,
2.704,0.31,,,,,,,,,,,,
2.712,0.31,,,,,,,,,,,,
2.72,0.31,,,,,,,,,,,,
2.728,0.31,,,,,,,,,,,,
2.736,0.30,,,,,,,,,,,,
2.744,0.31,,,,,,,,,,,,
2.752,0.32,,,,,,,,,,,,
2.76,0.31,,,,,,,,,,,,
2.768,0.31,,,,,,,,,,,,
2.776,0.00,,,,,,,,,,,,
2.784,0.03,,,,,,,,,,,,
2.792,0.14,,,,,,,,,,,,
2.8,0.22,,,,,,,,,,,,
2.808,0.28,,,,,,,,,,,,
2.816,0.37,,,,,,,,,,,,
2.824,0.41,,,,,,,,,,,,
2.832,0.46,,,,,,,,,,,,
2.84,0.47,,,,,,,,,,,,
2.848,0.51,,,,,,,,,,,,
2.856,0.55,,,,,,,,,,,,
2.864,0.61,,,,,,,,,,,,
2.872,0.65,,,,,,,,,,,,
2.88,0.70,,,,,,,,,,,,
2.888,0.71,,,,,,,,,,,,
2.896,0.73,,,,,,,,,,,,
2.904,0.74,,,,,,,,,,,,
2.912,0.76,,,,,,,,,,,,
2.92,0.77,,,,,,,,,,,,
2.928,0.80,,,,,,,,,,,,
2.936,0.81,,,,,,,,,,,,
2.944,0.84,,,,,,,,,,,,
2.952,0.84,,,,,,,,,,,,
2.96,0.86,,,,,,,,,,,,
2.968,0.87,,,,,,,,,,,,
2.976,0.88,,,,,,,,,,,,
2.984,0.88,,,,,,,,,,,,
2.992,0.89,,,,,,,,,,,,
3,0.88,,,,,,,,,,,,
3.008,0.87,,,,,,,,,,,,
3.016,0.85,,,,,,,,,,,,
3.024,0.83,,,,,,,,,,,,
3.032,0.80,,,,,,,,,,,,
3.04,0.78,,,,,,,,,,,,
3.048,0.74,,,,,,,,,,,,
3.056,0.72,,,,,,,,,,,,
3.064,0.69,,,,,,,,,,,,
3.072,0.67,,,,,,,,,,,,
3.08,0.65,,,,,,,,,,,,
3.088,0.64,,,,,,,,,,,,
3.096,0.62,,,,,,,,,,,,
3.104,0.62,,,,,,,,,,,,
3.112,0.61,,,,,,,,,,,,
3.12,0.61,,,,,,,,,,,,
3.128,0.60,,,,,,,,,,,,
3.136,0.61,,,,,,,,,,,,
3.144,0.60,,,,,,,,,,,,
3.152,0.60,,,,,,,,,,,,
3.16,0.59,,,,,,,,,,,,
3.168,0.60,,,,,,,,,,,,
3.176,0.60,,,,,,,,,,,,
3.184,0.60,,,,,,,,,,,,
3.192,0.59,,,,,,,,,,,,
3.2,0.59,,,,,,,,,,,,
3.208,0.59,,,,,,,,,,,,
3.216,0.59,,,,,,,,,,,,
3.224,0.58,,,,,,,,,,,,
3.232,0.59,,,,,,,,,,,,
3.24,0.58,,,,,,,,,,,,
3.248,0.58,,,,,,,,,,,,
3.256,0.58,,,,,,,,,,,,
3.264,0.59,,,,,,,,,,,,
3.272,0.59,,,,,,,,,,,,
3.28,0.60,,,,,,,,,,,,
3.288,0.60,,,,,,,,,,,,
3.296,0.62,,,,,,,,,,,,
3.304,0.60,,,,,,,,,,,,
3.312,0.61,,,,,,,,,,,,
3.32,0.60,,,,,,,,,,,,
3.328,0.61,,,,,,,,,,,,
3.336,0.59,,,,,,,,,,,,
3.344,0.59,,,,,,,,,,,,
3.352,0.58,,,,,,,,,,,,
3.36,0.58,,,,,,,,,,,,
3.368,0.58,,,,,,,,,,,,
3.376,0.59,,,,,,,,,,,,
3.384,0.58,,,,,,,,,,,,
3.392,0.58,,,,,,,,,,,,
3.4,0.58,,,,,,,,,,,,
3.408,0.59,,,,,,,,,,,,
3.416,0.58,,,,,,,,,,,,
3.424,0.58,,,,,,,,,,,,
3.432,0.64,,,,,,,,,,,,
3.44,0.76,,,,,,,,,,,,
3.448,0.86,,,,,,,,,,,,
3.456,0.99,,,,,,,,,,,,
3.464,1.00,,,,,,,,,,,,
3.472,0.83,,,,,,,,,,,,
3.48,0.51,,,,,,,,,,,,
3.488,0.46,,,,,,,,,,,,
3.496,0.51,,,,,,,,,,,,
3.504,0.54,,,,,,,,,,,,
3.512,0.53,,,,,,,,,,,,
3.52,0.53,,,,,,,,,,,,
3.528,0.53,,,,,,,,,,,,
3.536,0.54,,,,,,,,,,,,
3.544,0.55,,,,,,,,,,,,
3.552,0.55,,,,,,,,,,,,
3.56,0.55,,,,,,,,,,,,
3.568,0.85,,,,,,,,,,,,
3.576,0.82,,,,,,,,,,,,
3.584,0.71,,,,,,,,,,,,
3.592,0.57,,,,,,,,,,,,
3.6,0.42,,,,,,,,,,,,
3.608,0.38,,,,,,,,,,,,
3.616,0.36,,,,,,,,,,,,
3.624,0.45,,,,,,,,,,,,
3.632,0.48,,,,,,,,,,,,
3.64,0.28,,,,,,,,,,,,
3.648,0.15,,,,,,,,,,,,
3.656,0.13,,,,,,,,,,,,
3.664,0.09,,,,,,,,,,,,
3.672,0.08,,,,,,,,,,,,
3.68,0.05,,,,,,,,,,,,
3.688,0.05,,,,,,,,,,,,
3.696,0.03,,,,,,,,,,,,
3.704,0.04,,,,,,,,,,,,
3.712,0.02,,,,,,,,,,,,
3.72,0.02,,,,,,,,,,,,
3.728,0.01,,,,,,,,,,,,
3.736,0.01,,,,,,,,,,,,
3.744,0.00,,,,,,,,,,,,
3.752,0.02,,,,,,,,,,,,
3.76,0.01,,,,,,,,,,,,
3.768,0.03,,,,,,,,,,,,
3.776,0.03,,,,,,,,,,,,
3.784,0.05,,,,,,,,,,,,
3.792,0.05,,,,,,,,,,,,
3.8,0.08,,,,,,,,,,,,
3.808,0.11,,,,,,,,,,,,
3.816,0.14,,,,,,,,,,,,
3.824,0.15,,,,,,,,,,,,
3.832,0.18,,,,,,,,,,,,
3.84,0.18,,,,,,,,,,,,
3.848,0.21,,,,,,,,,,,,
3.856,0.21,,,,,,,,,,,,
3.864,0.22,,,,,,,,,,,,
3.872,0.20,,,,,,,,,,,,
3.88,0.22,,,,,,,,,,,,
3.888,0.20,,,,,,,,,,,,
3.896,0.22,,,,,,,,,,,,
3.904,0.20,,,,,,,,,,,,
3.912,0.22,,,,,,,,,,,,
3.92,0.21,,,,,,,,,,,,
3.928,0.22,,,,,,,,,,,,
3.936,0.20,,,,,,,,,,,,
3.944,0.22,,,,,,,,,,,,
3.952,0.20,,,,,,,,,,,,
3.96,0.22,,,,,,,,,,,,
3.968,0.21,,,,,,,,,,,,
3.976,0.22,,,,,,,,,,,,
3.984,0.22,,,,,,,,,,,,
3.992,0.24,,,,,,,,,,,,
4,0.23,,,,,,,,,,,,
4.008,0.24,,,,,,,,,,,,
4.016,0.23,,,,,,,,,,,,
4.024,0.24,,,,,,,,,,,,
4.032,0.23,,,,,,,,,,,,
4.04,0.23,,,,,,,,,,,,
4.048,0.22,,,,,,,,,,,,
4.056,0.23,,,,,,,,,,,,
4.064,0.22,,,,,,,,,,,,
4.072,0.24,,,,,,,,,,,,
4.08,0.22,,,,,,,,,,,,
4.088,0.24,,,,,,,,,,,,
4.096,0.23,,,,,,,,,,,,
4.104,0.24,,,,,,,,,,,,
4.112,0.22,,,,,,,,,,,,
4.12,0.24,,,,,,,,,,,,
4.128,0.23,,,,,,,,,,,,
4.136,0.25,,,,,,,,,,,,
4.144,0.24,,,,,,,,,,,,
4.152,0.24,,,,,,,,,,,,
4.16,0.23,,,,,,,,,,,,
4.168,0.25,,,,,,,,,,,,
4.176,0.23,,,,,,,,,,,,
4.184,0.24,,,,,,,,,,,,
4.192,0.22,,,,,,,,,,,,
4.2,0.25,,,,,,,,,,,,
4.208,0.23,,,,,,,,,,,,
4.216,0.25,,,,,,,,,,,,
4.224,0.23,,,,,,,,,,,,
4.232,0.25,,,,,,,,,,,,
4.24,0.24,,,,,,,,,,,,
4.248,0.26,,,,,,,,,,,,
4.256,0.25,,,,,,,,,,,,
4.264,0.26,,,,,,,,,,,,
4.272,0.25,,,,,,,,,,,,
4.28,0.26,,,,,,,,,,,,
4.288,0.25,,,,,,,,,,,,
4.296,0.27,,,,,,,,,,,,
4.304,0.26,,,,,,,,,,,,
4.312,0.29,,,,,,,,,,,,
4.32,0.30,,,,,,,,,,,,
4.328,0.41,,,,,,,,,,,,
4.336,0.62,,,,,,,,,,,,
4.344,0.88,,,,,,,,,,,,
4.352,1.00,,,,,,,,,,,,
4.36,0.74,,,,,,,,,,,,
4.368,0.30,,,,,,,,,,,,
4.376,0.24,,,,,,,,,,,,
4.384,0.26,,,,,,,,,,,,
4.392,0.26,,,,,,,,,,,,
4.4,0.24,,,,,,,,,,,,
4.408,0.25,,,,,,,,,,,,
4.416,0.23,,,,,,,,,,,,
4.424,0.25,,,,,,,,,,,,
4.432,0.22,,,,,,,,,,,,
4.44,0.24,,,,,,,,,,,,
4.448,0.23,,,,,,,,,,,,
4.456,0.24,,,,,,,,,,,,
4.464,0.22,,,,,,,,,,,,
4.472,0.24,,,,,,,,,,,,
4.48,0.23,,,,,,,,,,,,
4.488,0.75,,,,,,,,,,,,
4.496,0.68,,,,,,,,,,,,
4.504,0.49,,,,,,,,,,,,
4.512,0.27,,,,,,,,,,,,
4.52,0.20,,,,,,,,,,,,
4.528,0.17,,,,,,,,,,,,
4.536,0.18,,,,,,,,,,,,
4.544,0.16,,,,,,,,,,,,
4.552,0.15,,,,,,,,,,,,
4.56,0.13,,,,,,,,,,,,
4.568,0.12,,,,,,,,,,,,
4.576,0.09,,,,,,,,,,,,
4.584,0.08,,,,,,,,,,,,
4.592,0.05,,,,,,,,,,,,
4.6,0.04,,,,,,,,,,,,
4.608,0.03,,,,,,,,,,,,
4.616,0.03,,,,,,,,,,,,
4.624,0.01,,,,,,,,,,,,
4.632,0.02,,,,,,,,,,,,
4.64,0.00,,,,,,,,,,,,
4.648,0.02,,,,,,,,,,,,
4.656,0.01,,,,,,,,,,,,
4.664,0.02,,,,,,,,,,,,
4.672,0.02,,,,,,,,,,,,
4.68,0.05,,,,,,,,,,,,
4.688,0.06,,,,,,,,,,,,
4.696,0.10,,,,,,,,,,,,
4.704,0.12,,,,,,,,,,,,
4.712,0.15,,,,,,,,,,,,
4.72,0.16,,,,,,,,,,,,
4.728,0.19,,,,,,,,,,,,
4.736,0.18,,,,,,,,,,,,
4.744,0.19,,,,,,,,,,,,
4.752,0.18,,,,,,,,,,,,
4.76,0.19,,,,,,,,,,,,
4.768,0.18,,,,,,,,,,,,
4.776,0.18,,,,,,,,,,,,
4.784,0.18,,,,,,,,,,,,
4.792,0.19,,,,,,,,,,,,
4.8,0.17,,,,,,,,,,,,
4.808,0.20,,,,,,,,,,,,
4.816,0.18,,,,,,,,,,,,
4.824,0.20,,,,,,,,,,,,
4.832,0.19,,,,,,,,,,,,
4.84,0.20,,,,,,,,,,,,
4.848,0.19,,,,,,,,,,,,
4.856,0.21,,,,,,,,,,,,
4.864,0.20,,,,,,,,,,,,
4.872,0.21,,,,,,,,,,,,
4.88,0.20,,,,,,,,,,,,
4.888,0.21,,,,,,,,,,,,
4.896,0.20,,,,,,,,,,,,
4.904,0.22,,,,,,,,,,,,
4.912,0.22,,,,,,,,,,,,
4.92,0.22,,,,,,,,,,,,
4.928,0.22,,,,,,,,,,,,
4.936,0.22,,,,,,,,,,,,
4.944,0.21,,,,,,,,,,,,
4.952,0.22,,,,,,,,,,,,
4.96,0.20,,,,,,,,,,,,
4.968,0.21,,,,,,,,,,,,
4.976,0.20,,,,,,,,,,,,
4.984,0.22,,,,,,,,,,,,
4.992,0.21,,,,,,,,,,,,
5,0.22,,,,,,,,,,,,
5.008,0.21,,,,,,,,,,,,
5.016,0.22,,,,,,,,,,,,
5.024,0.21,,,,,,,,,,,,
5.032,0.21,,,,,,,,,,,,
5.04,0.21,,,,,,,,,,,,
5.048,0.21,,,,,,,,,,,,
5.056,0.21,,,,,,,,,,,,
5.064,0.22,,,,,,,,,,,,
5.072,0.21,,,,,,,,,,,,
5.08,0.22,,,,,,,,,,,,
5.088,0.21,,,,,,,,,,,,
5.096,0.22,,,,,,,,,,,,
5.104,0.21,,,,,,,,,,,,
5.112,0.22,,,,,,,,,,,,
5.12,0.21,,,,,,,,,,,,
5.128,0.23,,,,,,,,,,,,
5.136,0.21,,,,,,,,,,,,
5.144,0.22,,,,,,,,,,,,
5.152,0.22,,,,,,,,,,,,
5.16,0.22,,,,,,,,,,,,
5.168,0.21,,,,,,,,,,,,
5.176,0.22,,,,,,,,,,,,
5.184,0.22,,,,,,,,,,,,
5.192,0.23,,,,,,,,,,,,
5.2,0.21,,,,,,,,,,,,
5.208,0.22,,,,,,,,,,,,
5.216,0.21,,,,,,,,,,,,
5.224,0.22,,,,,,,,,,,,
5.232,0.21,,,,,,,,,,,,
5.24,0.23,,,,,,,,,,,,
5.248,0.22,,,,,,,,,,,,
5.256,0.23,,,,,,,,,,,,
5.264,0.21,,,,,,,,,,,,
5.272,0.25,,,,,,,,,,,,
5.28,0.25,,,,,,,,,,,,
5.288,0.27,,,,,,,,,,,,
5.296,0.28,,,,,,,,,,,,
5.304,0.28,,,,,,,,,,,,
5.312,0.26,,,,,,,,,,,,
5.32,0.26,,,,,,,,,,,,
5.328,0.24,,,,,,,,,,,,
5.336,0.23,,,,,,,,,,,,
5.344,0.21,,,,,,,,,,,,
5.352,0.22,,,,,,,,,,,,
5.36,0.21,,,,,,,,,,,,
5.368,0.21,,,,,,,,,,,,
5.376,0.21,,,,,,,,,,,,
5.384,0.22,,,,,,,,,,,,
5.392,0.22,,,,,,,,,,,,
5.4,0.22,,,,,,,,,,,,
5.408,0.21,,,,,,,,,,,,
5.416,0.36,,,,,,,,,,,,
5.424,0.67,,,,,,,,,,,,
5.432,1.00,,,,,,,,,,,,
5.44,0.69,,,,,,,,,,,,
5.448,0.30,,,,,,,,,,,,
5.456,0.22,,,,,,,,,,,,
5.464,0.23,,,,,,,,,,,,
5.472,0.22,,,,,,,,,,,,
5.48,0.23,,,,,,,,,,,,
5.488,0.20,,,,,,,,,,,,
5.496,0.20,,,,,,,,,,,,
5.504,0.20,,,,,,,,,,,,
5.512,0.22,,,,,,,,,,,,
5.52,0.22,,,,,,,,,,,,
5.528,0.22,,,,,,,,,,,,
5.536,0.98,,,,,,,,,,,,
5.544,1.00,,,,,,,,,,,,
5.552,0.97,,,,,,,,,,,,
5.56,0.91,,,,,,,,,,,,
5.568,0.91,,,,,,,,,,,,
5.576,0.91,,,,,,,,,,,,
5.584,0.82,,,,,,,,,,,,
5.592,0.68,,,,,,,,,,,,
5.6,0.45,,,,,,,,,,,,
5.608,0.29,,,,,,,,,,,,
5.616,0.30,,,,,,,,,,,,
5.624,0.28,,,,,,,,,,,,
5.632,0.24,,,,,,,,,,,,
5.64,0.24,,,,,,,,,,,,
5.648,0.23,,,,,,,,,,,,
5.656,0.22,,,,,,,,,,,,
5.664,0.21,,,,,,,,,,,,
5.672,0.20,,,,,,,,,,,,
5.68,0.20,,,,,,,,,,,,
5.688,0.19,,,,,,,,,,,,
5.696,0.18,,,,,,,,,,,,
5.704,0.17,,,,,,,,,,,,
5.712,0.17,,,,,,,,,,,,
5.72,0.15,,,,,,,,,,,,
5.728,0.14,,,,,,,,,,,,
5.736,0.14,,,,,,,,,,,,
5.744,0.13,,,,,,,,,,,,
5.752,0.13,,,,,,,,,,,,
5.76,0.12,,,,,,,,,,,,
5.768,0.13,,,,,,,,,,,,
5.776,0.12,,,,,,,,,,,,
5.784,0.09,,,,,,,,,,,,
5.792,0.07,,,,,,,,,,,,
5.8,0.05,,,,,,,,,,,,
5.808,0.03,,,,,,,,,,,,
5.816,0.00,,,,,,,,,,,,
5.824,0.00,,,,,,,,,,,,
5.832,0.02,,,,,,,,,,,,
5.84,0.04,,,,,,,,,,,,
5.848,0.07,,,,,,,,,,,,
5.856,0.09,,,,,,,,,,,,
5.864,0.13,,,,,,,,,,,,
5.872,0.17,,,,,,,,,,,,
5.88,0.20,,,,,,,,,,,,
5.888,0.23,,,,,,,,,,,,
5.896,0.25,,,,,,,,,,,,
5.904,0.26,,,,,,,,,,,,
5.912,0.27,,,,,,,,,,,,
5.92,0.27,,,,,,,,,,,,
5.928,0.27,,,,,,,,,,,,
5.936,0.28,,,,,,,,,,,,
5.944,0.27,,,,,,,,,,,,
5.952,0.27,,,,,,,,,,,,
5.96,0.28,,,,,,,,,,,,
5.968,0.28,,,,,,,,,,,,
5.976,0.28,,,,,,,,,,,,
5.984,0.28,,,,,,,,,,,,
5.992,0.28,,,,,,,,,,,,
6,0.28,,,,,,,,,,,,
6.008,0.28,,,,,,,,,,,,
6.016,0.28,,,,,,,,,,,,
6.024,0.28,,,,,,,,,,,,
6.032,0.29,,,,,,,,,,,,
6.04,0.28,,,,,,,,,,,,
6.048,0.28,,,,,,,,,,,,
6.056,0.28,,,,,,,,,,,,
6.064,0.29,,,,,,,,,,,,
6.072,0.28,,,,,,,,,,,,
6.08,0.28,,,,,,,,,,,,
6.088,0.29,,,,,,,,,,,,
6.096,0.29,,,,,,,,,,,,
6.104,0.29,,,,,,,,,,,,
6.112,0.28,,,,,,,,,,,,
6.12,0.28,,,,,,,,,,,,
6.128,0.29,,,,,,,,,,,,
6.136,0.29,,,,,,,,,,,,
6.144,0.29,,,,,,,,,,,,
6.152,0.29,,,,,,,,,,,,
6.16,0.30,,,,,,,,,,,,
6.168,0.29,,,,,,,,,,,,
6.176,0.29,,,,,,,,,,,,
6.184,0.29,,,,,,,,,,,,
6.192,0.30,,,,,,,,,,,,
6.2,0.30,,,,,,,,,,,,
6.208,0.29,,,,,,,,,,,,
6.216,0.30,,,,,,,,,,,,
6.224,0.30,,,,,,,,,,,,
6.232,0.30,,,,,,,,,,,,
6.24,0.30,,,,,,,,,,,,
6.248,0.30,,,,,,,,,,,,
6.256,0.31,,,,,,,,,,,,
6.264,0.30,,,,,,,,,,,,
6.272,0.30,,,,,,,,,,,,
6.28,0.31,,,,,,,,,,,,
6.288,0.31,,,,,,,,,,,,
6.296,0.31,,,,,,,,,,,,
6.304,0.16,,,,,,,,,,,,
6.312,0.27,,,,,,,,,,,,
6.32,0.29,,,,,,,,,,,,
6.328,0.29,,,,,,,,,,,,
6.336,0.42,,,,,,,,,,,,
6.344,0.46,,,,,,,,,,,,
6.352,0.50,,,,,,,,,,,,
6.36,0.53,,,,,,,,,,,,
6.368,0.58,,,,,,,,,,,,
6.376,0.58,,,,,,,,,,,,
6.384,0.60,,,,,,,,,,,,
6.392,0.61,,,,,,,,,,,,
6.4,0.62,,,,,,,,,,,,
6.408,0.64,,,,,,,,,,,,
6.416,0.65,,,,,,,,,,,,
6.424,0.67,,,,,,,,,,,,
6.432,0.69,,,,,,,,,,,,
6.44,0.73,,,,,,,,,,,,
6.448,0.76,,,,,,,,,,,,
6.456,0.79,,,,,,,,,,,,
6.464,0.85,,,,,,,,,,,,
6.472,0.90,,,,,,,,,,,,
6.48,0.92,,,,,,,,,,,,
6.488,0.97,,,,,,,,,,,,
6.496,0.99,,,,,,,,,,,,
6.504,1.00,,,,,,,,,,,,
6.512,1.00,,,,,,,,,,,,
6.52,0.98,,,,,,,,,,,,
6.528,0.93,,,,,,,,,,,,
6.536,0.87,,,,,,,,,,,,
6.544,0.81,,,,,,,,,,,,
6.552,0.80,,,,,,,,,,,,
6.56,0.82,,,,,,,,,,,,
6.568,0.77,,,,,,,,,,,,
6.576,0.65,,,,,,,,,,,,
6.584,0.59,,,,,,,,,,,,
6.592,0.43,,,,,,,,,,,,
6.6,0.21,,,,,,,,,,,,
6.608,0.09,,,,,,,,,,,,
6.616,0.03,,,,,,,,,,,,
6.624,0.03,,,,,,,,,,,,
6.632,0.02,,,,,,,,,,,,
6.64,0.00,,,,,,,,,,,,
6.648,0.17,,,,,,,,,,,,
6.656,0.33,,,,,,,,,,,,
6.664,0.42,,,,,,,,,,,,
6.672,0.47,,,,,,,,,,,,
6.68,0.95,,,,,,,,,,,,
6.688,0.89,,,,,,,,,,,,
6.696,0.82,,,,,,,,,,,,
6.704,0.68,,,,,,,,,,,,
6.712,0.68,,,,,,,,,,,,
6.72,0.57,,,,,,,,,,,,
6.728,0.42,,,,,,,,,,,,
6.736,0.27,,,,,,,,,,,,
6.744,0.22,,,,,,,,,,,,
6.752,0.15,,,,,,,,,,,,
6.76,0.12,,,,,,,,,,,,
6.768,0.06,,,,,,,,,,,,
6.776,0.06,,,,,,,,,,,,
6.784,0.03,,,,,,,,,,,,
6.792,0.03,,,,,,,,,,,,
6.8,0.02,,,,,,,,,,,,
6.808,0.05,,,,,,,,,,,,
6.816,0.03,,,,,,,,,,,,
6.824,0.06,,,,,,,,,,,,
6.832,0.03,,,,,,,,,,,,
6.84,0.05,,,,,,,,,,,,
6.848,0.02,,,,,,,,,,,,
6.856,0.03,,,,,,,,,,,,
6.864,0.01,,,,,,,,,,,,
6.872,0.01,,,,,,,,,,,,
6.88,0.00,,,,,,,,,,,,
6.888,0.02,,,,,,,,,,,,
6.896,0.01,,,,,,,,,,,,
6.904,0.04,,,,,,,,,,,,
6.912,0.03,,,,,,,,,,,,
6.92,0.07,,,,,,,,,,,,
6.928,0.08,,,,,,,,,,,,
6.936,0.13,,,,,,,,,,,,
6.944,0.13,,,,,,,,,,,,
6.952,0.19,,,,,,,,,,,,
6.96,0.20,,,,,,,,,,,,
6.968,0.24,,,,,,,,,,,,
6.976,0.24,,,,,,,,,,,,
6.984,0.26,,,,,,,,,,,,
6.992,0.27,,,,,,,,,,,,
7,0.29,,,,,,,,,,,,
7.008,0.26,,,,,,,,,,,,
7.016,0.28,,,,,,,,,,,,
7.024,0.26,,,,,,,,,,,,
7.032,0.28,,,,,,,,,,,,
7.04,0.25,,,,,,,,,,,,
7.048,0.28,,,,,,,,,,,,
7.056,0.25,,,,,,,,,,,,
7.064,0.27,,,,,,,,,,,,
7.072,0.27,,,,,,,,,,,,
7.08,0.28,,,,,,,,,,,,
7.088,0.27,,,,,,,,,,,,
7.096,0.28,,,,,,,,,,,,
7.104,0.26,,,,,,,,,,,,
7.112,0.29,,,,,,,,,,,,
7.12,0.27,,,,,,,,,,,,
7.128,0.28,,,,,,,,,,,,
7.136,0.27,,,,,,,,,,,,
7.144,0.28,,,,,,,,,,,,
7.152,0.25,,,,,,,,,,,,
7.16,0.26,,,,,,,,,,,,
7.168,0.24,,,,,,,,,,,,
7.176,0.26,,,,,,,,,,,,
7.184,0.24,,,,,,,,,,,,
7.192,0.25,,,,,,,,,,,,
7.2,0.23,,,,,,,,,,,,
7.208,0.24,,,,,,,,,,,,
7.216,0.22,,,,,,,,,,,,
7.224,0.24,,,,,,,,,,,,
7.232,0.22,,,,,,,,,,,,
7.24,0.23,,,,,,,,,,,,
7.248,0.21,,,,,,,,,,,,
7.256,0.22,,,,,,,,,,,,
7.264,0.21,,,,,,,,,,,,
7.272,0.21,,,,,,,,,,,,
7.28,0.21,,,,,,,,,,,,
7.288,0.21,,,,,,,,,,,,
7.296,0.19,,,,,,,,,,,,
7.304,0.21,,,,,,,,,,,,
7.312,0.19,,,,,,,,,,,,
7.32,0.21,,,,,,,,,,,,
7.328,0.19,,,,,,,,,,,,
7.336,0.21,,,,,,,,,,,,
7.344,0.18,,,,,,,,,,,,
7.352,0.20,,,,,,,,,,,,
7.36,0.19,,,,,,,,,,,,
7.368,0.21,,,,,,,,,,,,
7.376,0.19,,,,,,,,,,,,
7.384,0.22,,,,,,,,,,,,
7.392,0.20,,,,,,,,,,,,
7.4,0.20,,,,,,,,,,,,
7.408,0.19,,,,,,,,,,,,
7.416,0.21,,,,,,,,,,,,
7.424,0.19,,,,,,,,,,,,
7.432,0.21,,,,,,,,,,,,
7.44,0.20,,,,,,,,,,,,
7.448,0.21,,,,,,,,,,,,
7.456,0.20,,,,,,,,,,,,
7.464,0.21,,,,,,,,,,,,
7.472,0.20,,,,,,,,,,,,
7.48,0.20,,,,,,,,,,,,
7.488,0.19,,,,,,,,,,,,
7.496,0.22,,,,,,,,,,,,
7.504,0.19,,,,,,,,,,,,
7.512,0.22,,,,,,,,,,,,
7.52,0.20,,,,,,,,,,,,
7.528,0.22,,,,,,,,,,,,
7.536,0.21,,,,,,,,,,,,
7.544,0.22,,,,,,,,,,,,
7.552,0.20,,,,,,,,,,,,
7.56,0.22,,,,,,,,,,,,
7.568,0.21,,,,,,,,,,,,
7.576,0.22,,,,,,,,,,,,
7.584,0.21,,,,,,,,,,,,
7.592,0.23,,,,,,,,,,,,
7.6,0.21,,,,,,,,,,,,
7.608,0.23,,,,,,,,,,,,
7.616,0.21,,,,,,,,,,,,
7.624,0.23,,,,,,,,,,,,
7.632,0.22,,,,,,,,,,,,
7.64,0.24,,,,,,,,,,,,
7.648,0.21,,,,,,,,,,,,
7.656,0.23,,,,,,,,,,,,
7.664,0.21,,,,,,,,,,,,
7.672,0.23,,,,,,,,,,,,
7.68,0.22,,,,,,,,,,,,
7.688,0.24,,,,,,,,,,,,
7.696,0.23,,,,,,,,,,,,
7.704,0.23,,,,,,,,,,,,
7.712,0.21,,,,,,,,,,,,
7.72,0.23,,,,,,,,,,,,
7.728,0.22,,,,,,,,,,,,
7.736,0.25,,,,,,,,,,,,
7.744,0.22,,,,,,,,,,,,
7.752,0.25,,,,,,,,,,,,
7.76,0.22,,,,,,,,,,,,
7.768,0.25,,,,,,,,,,,,
7.776,0.24,,,,,,,,,,,,
7.784,0.24,,,,,,,,,,,,
7.792,0.23,,,,,,,,,,,,
7.8,0.25,,,,,,,,,,,,
7.808,0.24,,,,,,,,,,,,
7.816,0.25,,,,,,,,,,,,
7.824,0.24,,,,,,,,,,,,
7.832,0.26,,,,,,,,,,,,
7.84,0.25,,,,,,,,,,,,
7.848,0.26,,,,,,,,,,,,
7.856,0.26,,,,,,,,,,,,
7.864,0.28,,,,,,,,,,,,
7.872,0.25,,,,,,,,,,,,
7.88,0.27,,,,,,,,,,,,
7.888,0.27,,,,,,,,,,,,
7.896,0.29,,,,,,,,,,,,
7.904,0.30,,,,,,,,,,,,
7.912,0.34,,,,,,,,,,,,
7.92,0.35,,,,,,,,,,,,
7.928,0.42,,,,,,,,,,,,
7.936,0.39,,,,,,,,,,,,
7.944,0.38,,,,,,,,,,,,
7.952,0.35,,,,,,,,,,,,
7.96,0.34,,,,,,,,,,,,
7.968,0.30,,,,,,,,,,,,
7.976,0.31,,,,,,,,,,,,
7.984,0.29,,,,,,,,,,,,
7.992,0.31,,,,,,,,,,,,
8,0.31,,,,,,,,,,,,
8.008,0.33,,,,,,,,,,,,
8.016,0.35,,,,,,,,,,,,
8.024,0.48,,,,,,,,,,,,
8.032,0.77,,,,,,,,,,,,
8.04,1.00,,,,,,,,,,,,
8.048,0.94,,,,,,,,,,,,
8.056,0.57,,,,,,,,,,,,
8.064,0.22,,,,,,,,,,,,
8.072,0.25,,,,,,,,,,,,
8.08,0.23,,,,,,,,,,,,
8.088,0.24,,,,,,,,,,,,
8.096,0.24,,,,,,,,,,,,
8.104,0.25,,,,,,,,,,,,
8.112,0.23,,,,,,,,,,,,
8.12,0.25,,,,,,,,,,,,
8.128,0.23,,,,,,,,,,,,
8.136,0.25,,,,,,,,,,,,
8.144,0.23,,,,,,,,,,,,
8.152,0.25,,,,,,,,,,,,
8.16,0.24,,,,,,,,,,,,
8.168,0.26,,,,,,,,,,,,
8.176,0.01,,,,,,,,,,,,
8.184,0.07,,,,,,,,,,,,
8.192,0.14,,,,,,,,,,,,
8.2,0.19,,,,,,,,,,,,
8.208,0.31,,,,,,,,,,,,
8.216,0.44,,,,,,,,,,,,
8.224,0.47,,,,,,,,,,,,
8.232,0.65,,,,,,,,,,,,
8.24,0.73,,,,,,,,,,,,
8.248,0.74,,,,,,,,,,,,
8.256,0.77,,,,,,,,,,,,
8.264,0.78,,,,,,,,,,,,
8.272,0.81,,,,,,,,,,,,
8.28,0.83,,,,,,,,,,,,
8.288,0.83,,,,,,,,,,,,
8.296,0.84,,,,,,,,,,,,
8.304,0.86,,,,,,,,,,,,
8.312,0.88,,,,,,,,,,,,
8.32,0.90,,,,,,,,,,,,
8.328,0.93,,,,,,,,,,,,
8.336,0.95,,,,,,,,,,,,
8.344,0.96,,,,,,,,,,,,
8.352,0.98,,,,,,,,,,,,
8.36,0.98,,,,,,,,,,,,
8.368,1.00,,,,,,,,,,,,
8.376,0.99,,,,,,,,,,,,
8.384,0.98,,,,,,,,,,,,
8.392,0.97,,,,,,,,,,,,
8.4,0.94,,,,,,,,,,,,
8.408,0.91,,,,,,,,,,,,
8.416,0.88,,,,,,,,,,,,
8.424,0.84,,,,,,,,,,,,
8.432,0.83,,,,,,,,,,,,
8.44,0.79,,,,,,,,,,,,
8.448,0.77,,,,,,,,,,,,
8.456,0.74,,,,,,,,,,,,
8.464,0.74,,,,,,,,,,,,
8.472,0.73,,,,,,,,,,,,
8.48,0.71,,,,,,,,,,,,
8.488,0.70,,,,,,,,,,,,
8.496,0.68,,,,,,,,,,,,
8.504,0.68,,,,,,,,,,,,
8.512,0.57,,,,,,,,,,,,
8.52,0.47,,,,,,,,,,,,
8.528,0.36,,,,,,,,,,,,
8.536,0.23,,,,,,,,,,,,
8.544,0.10,,,,,,,,,,,,
8.552,0.00,,,,,,,,,,,,
8.56,0.04,,,,,,,,,,,,
8.568,0.11,,,,,,,,,,,,
8.576,0.14,,,,,,,,,,,,
8.584,0.23,,,,,,,,,,,,
8.592,0.37,,,,,,,,,,,,
8.6,0.43,,,,,,,,,,,,
8.608,0.54,,,,,,,,,,,,
8.616,0.70,,,,,,,,,,,,
8.624,0.75,,,,,,,,,,,,
8.632,0.76,,,,,,,,,,,,
8.64,0.19,,,,,,,,,,,,
8.648,0.21,,,,,,,,,,,,
8.656,0.29,,,,,,,,,,,,
8.664,0.44,,,,,,,,,,,,
8.672,0.59,,,,,,,,,,,,
8.68,0.66,,,,,,,,,,,,
8.688,0.67,,,,,,,,,,,,
8.696,0.68,,,,,,,,,,,,
8.704,0.68,,,,,,,,,,,,
8.712,0.68,,,,,,,,,,,,
8.72,0.68,,,,,,,,,,,,
8.728,0.67,,,,,,,,,,,,
8.736,0.67,,,,,,,,,,,,
8.744,0.68,,,,,,,,,,,,
8.752,0.67,,,,,,,,,,,,
8.76,0.68,,,,,,,,,,,,
8.768,0.66,,,,,,,,,,,,
8.776,0.66,,,,,,,,,,,,
8.784,0.68,,,,,,,,,,,,
8.792,0.69,,,,,,,,,,,,
8.8,0.70,,,,,,,,,,,,
8.808,0.72,,,,,,,,,,,,
8.816,0.75,,,,,,,,,,,,
8.824,0.75,,,,,,,,,,,,
8.832,0.79,,,,,,,,,,,,
8.84,0.82,,,,,,,,,,,,
8.848,0.82,,,,,,,,,,,,
8.856,0.82,,,,,,,,,,,,
8.864,0.83,,,,,,,,,,,,
8.872,0.81,,,,,,,,,,,,
8.88,0.80,,,,,,,,,,,,
8.888,0.78,,,,,,,,,,,,
8.896,0.77,,,,,,,,,,,,
8.904,0.77,,,,,,,,,,,,
8.912,0.76,,,,,,,,,,,,
8.92,0.76,,,,,,,,,,,,
8.928,0.78,,,,,,,,,,,,
8.936,0.82,,,,,,,,,,,,
8.944,0.88,,,,,,,,,,,,
8.952,0.94,,,,,,,,,,,,
8.96,0.95,,,,,,,,,,,,
8.968,0.84,,,,,,,,,,,,
8.976,0.63,,,,,,,,,,,,
8.984,0.37,,,,,,,,,,,,
8.992,0.11,,,,,,,,,,,,
9,0.00,,,,,,,,,,,,
9.008,0.04,,,,,,,,,,,,
9.016,0.10,,,,,,,,,,,,
9.024,0.20,,,,,,,,,,,,
9.032,0.28,,,,,,,,,,,,
9.04,0.37,,,,,,,,,,,,
9.048,0.46,,,,,,,,,,,,
9.056,0.50,,,,,,,,,,,,
9.064,0.61,,,,,,,,,,,,
9.072,0.78,,,,,,,,,,,,
9.08,0.84,,,,,,,,,,,,
9.088,0.86,,,,,,,,,,,,
9.096,0.88,,,,,,,,,,,,
9.104,0.89,,,,,,,,,,,,
9.112,0.90,,,,,,,,,,,,
9.12,0.91,,,,,,,,,,,,
9.128,0.93,,,,,,,,,,,,
9.136,0.96,,,,,,,,,,,,
9.144,0.97,,,,,,,,,,,,
9.152,0.97,,,,,,,,,,,,
9.16,1.00,,,,,,,,,,,,
9.168,0.97,,,,,,,,,,,,
9.176,0.80,,,,,,,,,,,,
9.184,0.57,,,,,,,,,,,,
9.192,0.47,,,,,,,,,,,,
9.2,0.44,,,,,,,,,,,,
9.208,0.39,,,,,,,,,,,,
9.216,0.38,,,,,,,,,,,,
9.224,0.33,,,,,,,,,,,,
9.232,0.32,,,,,,,,,,,,
9.24,0.30,,,,,,,,,,,,
9.248,0.29,,,,,,,,,,,,
9.256,0.26,,,,,,,,,,,,
9.264,0.27,,,,,,,,,,,,
9.272,0.26,,,,,,,,,,,,
9.28,0.26,,,,,,,,,,,,
9.288,0.26,,,,,,,,,,,,
9.296,0.27,,,,,,,,,,,,
9.304,0.27,,,,,,,,,,,,
9.312,0.27,,,,,,,,,,,,
9.32,0.25,,,,,,,,,,,,
9.328,0.26,,,,,,,,,,,,
9.336,0.25,,,,,,,,,,,,
9.344,0.25,,,,,,,,,,,,
9.352,0.24,,,,,,,,,,,,
9.36,0.27,,,,,,,,,,,,
9.368,0.27,,,,,,,,,,,,
9.376,0.30,,,,,,,,,,,,
9.384,0.31,,,,,,,,,,,,
9.392,0.35,,,,,,,,,,,,
9.4,0.36,,,,,,,,,,,,
9.408,0.39,,,,,,,,,,,,
9.416,0.39,,,,,,,,,,,,
9.424,0.41,,,,,,,,,,,,
9.432,0.41,,,,,,,,,,,,
9.44,0.42,,,,,,,,,,,,
9.448,0.40,,,,,,,,,,,,
9.456,0.41,,,,,,,,,,,,
9.464,0.40,,,,,,,,,,,,
9.472,0.42,,,,,,,,,,,,
9.48,0.40,,,,,,,,,,,,
9.488,0.42,,,,,,,,,,,,
9.496,0.40,,,,,,,,,,,,
9.504,0.42,,,,,,,,,,,,
9.512,0.41,,,,,,,,,,,,
9.52,0.42,,,,,,,,,,,,
9.528,0.42,,,,,,,,,,,,
9.536,0.44,,,,,,,,,,,,
9.544,0.43,,,,,,,,,,,,
9.552,0.46,,,,,,,,,,,,
9.56,0.46,,,,,,,,,,,,
9.568,0.49,,,,,,,,,,,,
9.576,0.49,,,,,,,,,,,,
9.584,0.53,,,,,,,,,,,,
9.592,0.57,,,,,,,,,,,,
9.6,0.65,,,,,,,,,,,,
9.608,0.72,,,,,,,,,,,,
9.616,0.81,,,,,,,,,,,,
9.624,0.88,,,,,,,,,,,,
9.632,0.96,,,,,,,,,,,,
9.64,0.98,,,,,,,,,,,,
9.648,1.00,,,,,,,,,,,,
9.656,0.94,,,,,,,,,,,,
9.664,0.93,,,,,,,,,,,,
9.672,0.84,,,,,,,,,,,,
9.68,0.68,,,,,,,,,,,,
9.688,0.50,,,,,,,,,,,,
9.696,0.39,,,,,,,,,,,,
9.704,0.31,,,,,,,,,,,,
9.712,0.26,,,,,,,,,,,,
9.72,0.20,,,,,,,,,,,,
9.728,0.17,,,,,,,,,,,,
9.736,0.14,,,,,,,,,,,,
9.744,0.13,,,,,,,,,,,,
9.752,0.11,,,,,,,,,,,,
9.76,0.11,,,,,,,,,,,,
9.768,0.10,,,,,,,,,,,,
9.776,0.10,,,,,,,,,,,,
9.784,0.09,,,,,,,,,,,,
9.792,0.09,,,,,,,,,,,,
9.8,0.06,,,,,,,,,,,,
9.808,0.06,,,,,,,,,,,,
9.816,0.03,,,,,,,,,,,,
9.824,0.03,,,,,,,,,,,,
9.832,0.00,,,,,,,,,,,,
9.84,0.02,,,,,,,,,,,,
9.848,0.00,,,,,,,,,,,,
9.856,0.02,,,,,,,,,,,,
9.864,0.02,,,,,,,,,,,,
9.872,0.00,,,,,,,,,,,,
9.88,0.06,,,,,,,,,,,,
9.888,0.18,,,,,,,,,,,,
9.896,0.22,,,,,,,,,,,,
9.904,0.32,,,,,,,,,,,,
9.912,0.41,,,,,,,,,,,,
9.92,0.44,,,,,,,,,,,,
9.928,0.46,,,,,,,,,,,,
9.936,0.49,,,,,,,,,,,,
9.944,0.55,,,,,,,,,,,,
9.952,0.63,,,,,,,,,,,,
9.96,0.66,,,,,,,,,,,,
9.968,0.68,,,,,,,,,,,,
9.976,0.70,,,,,,,,,,,,
9.984,0.72,,,,,,,,,,,,
9.992,0.74,,,,,,,,,,,,
10,0.75,,,,,,,,,,,,
10.008,0.77,,,,,,,,,,,,
10.016,0.79,,,,,,,,,,,,
10.024,0.80,,,,,,,,,,,,
10.032,0.82,,,,,,,,,,,,
10.04,0.84,,,,,,,,,,,,
10.048,0.85,,,,,,,,,,,,
10.056,0.85,,,,,,,,,,,,
10.064,0.85,,,,,,,,,,,,
10.072,0.85,,,,,,,,,,,,
10.08,0.84,,,,,,,,,,,,
10.088,0.84,,,,,,,,,,,,
10.096,0.82,,,,,,,,,,,,
10.104,0.81,,,,,,,,,,,,
10.112,0.79,,,,,,,,,,,,
10.12,0.77,,,,,,,,,,,,
10.128,0.75,,,,,,,,,,,,
10.136,0.72,,,,,,,,,,,,
10.144,0.70,,,,,,,,,,,,
10.152,0.69,,,,,,,,,,,,
10.16,0.67,,,,,,,,,,,,
10.168,0.66,,,,,,,,,,,,
10.176,0.65,,,,,,,,,,,,
10.184,0.64,,,,,,,,,,,,
10.192,0.64,,,,,,,,,,,,
10.2,0.63,,,,,,,,,,,,
10.208,0.63,,,,,,,,,,,,
10.216,0.63,,,,,,,,,,,,
10.224,0.63,,,,,,,,,,,,
10.232,0.62,,,,,,,,,,,,
10.24,0.63,,,,,,,,,,,,
10.248,0.62,,,,,,,,,,,,
10.256,0.63,,,,,,,,,,,,
10.264,0.62,,,,,,,,,,,,
10.272,0.62,,,,,,,,,,,,
10.28,0.61,,,,,,,,,,,,
10.288,0.62,,,,,,,,,,,,
10.296,0.61,,,,,,,,,,,,
10.304,0.61,,,,,,,,,,,,
10.312,0.61,,,,,,,,,,,,
10.32,0.61,,,,,,,,,,,,
10.328,0.61,,,,,,,,,,,,
10.336,0.61,,,,,,,,,,,,
10.344,0.61,,,,,,,,,,,,
10.352,0.61,,,,,,,,,,,,
10.36,0.61,,,,,,,,,,,,
10.368,0.61,,,,,,,,,,,,
10.376,0.61,,,,,,,,,,,,
10.384,0.62,,,,,,,,,,,,
10.392,0.62,,,,,,,,,,,,
10.4,0.63,,,,,,,,,,,,
10.408,0.63,,,,,,,,,,,,
10.416,0.63,,,,,,,,,,,,
10.424,0.63,,,,,,,,,,,,
10.432,0.61,,,,,,,,,,,,
10.44,0.61,,,,,,,,,,,,
10.448,0.61,,,,,,,,,,,,
10.456,0.61,,,,,,,,,,,,
10.464,0.61,,,,,,,,,,,,
10.472,0.61,,,,,,,,,,,,
10.48,0.62,,,,,,,,,,,,
10.488,0.62,,,,,,,,,,,,
10.496,0.61,,,,,,,,,,,,
10.504,0.60,,,,,,,,,,,,
10.512,0.60,,,,,,,,,,,,
10.52,0.60,,,,,,,,,,,,
10.528,0.60,,,,,,,,,,,,
10.536,0.61,,,,,,,,,,,,
10.544,0.60,,,,,,,,,,,,
10.552,0.60,,,,,,,,,,,,
10.56,0.59,,,,,,,,,,,,
10.568,0.63,,,,,,,,,,,,
10.576,0.71,,,,,,,,,,,,
10.584,0.83,,,,,,,,,,,,
10.592,0.95,,,,,,,,,,,,
10.6,1.00,,,,,,,,,,,,
10.608,0.85,,,,,,,,,,,,
10.616,0.55,,,,,,,,,,,,
10.624,0.49,,,,,,,,,,,,
10.632,0.53,,,,,,,,,,,,
10.64,0.54,,,,,,,,,,,,
10.648,0.54,,,,,,,,,,,,
10.656,0.54,,,,,,,,,,,,
10.664,0.54,,,,,,,,,,,,
10.672,0.55,,,,,,,,,,,,
10.68,0.55,,,,,,,,,,,,
10.688,0.55,,,,,,,,,,,,
10.696,0.97,,,,,,,,,,,,
10.704,0.93,,,,,,,,,,,,
10.712,1.00,,,,,,,,,,,,
10.72,0.55,,,,,,,,,,,,
10.728,0.04,,,,,,,,,,,,
10.736,0.16,,,,,,,,,,,,
10.744,0.37,,,,,,,,,,,,
10.752,0.44,,,,,,,,,,,,
10.76,0.53,,,,,,,,,,,,
10.768,0.44,,,,,,,,,,,,
10.776,0.54,,,,,,,,,,,,
10.784,0.59,,,,,,,,,,,,
10.792,0.62,,,,,,,,,,,,
10.8,0.61,,,,,,,,,,,,
10.808,0.62,,,,,,,,,,,,
10.816,0.55,,,,,,,,,,,,
10.824,0.40,,,,,,,,,,,,
10.832,0.18,,,,,,,,,,,,
10.84,0.22,,,,,,,,,,,,
10.848,0.18,,,,,,,,,,,,
10.856,0.18,,,,,,,,,,,,
10.864,0.14,,,,,,,,,,,,
10.872,0.19,,,,,,,,,,,,
10.88,0.12,,,,,,,,,,,,
10.888,0.16,,,,,,,,,,,,
10.896,0.14,,,,,,,,,,,,
10.904,0.15,,,,,,,,,,,,
10.912,0.13,,,,,,,,,,,,
10.92,0.15,,,,,,,,,,,,
10.928,0.09,,,,,,,,,,,,
10.936,0.07,,,,,,,,,,,,
10.944,0.08,,,,,,,,,,,,
10.952,0.09,,,,,,,,,,,,
10.96,0.05,,,,,,,,,,,,
10.968,0.12,,,,,,,,,,,,
10.976,0.09,,,,,,,,,,,,
10.984,0.18,,,,,,,,,,,,
10.992,0.16,,,,,,,,,,,,
11,0.07,,,,,,,,,,,,
11.008,0.07,,,,,,,,,,,,
11.016,0.11,,,,,,,,,,,,
11.024,0.10,,,,,,,,,,,,
11.032,0.07,,,,,,,,,,,,
